{
  "createbooking" : {
    "transaction" : "createbooking",
    "sampleCount" : 400,
    "errorCount" : 0,
    "errorPct" : 0.0,
    "meanResTime" : 321.4075,
    "medianResTime" : 318.0,
    "minResTime" : 302.0,
    "maxResTime" : 366.0,
    "pct1ResTime" : 338.0,
    "pct2ResTime" : 352.95,
    "pct3ResTime" : 361.99,
    "throughput" : 44.54342984409799,
    "receivedKBytesPerSec" : 41.065214365256125,
    "sentKBytesPerSec" : 20.22724109131403
  },
  "Total" : {
    "transaction" : "Total",
    "sampleCount" : 1600,
    "errorCount" : 0,
    "errorPct" : 0.0,
    "meanResTime" : 576.4193750000007,
    "medianResTime" : 322.0,
    "minResTime" : 302.0,
    "maxResTime" : 2247.0,
    "pct1ResTime" : 1285.0,
    "pct2ResTime" : 1310.0,
    "pct3ResTime" : 2090.82,
    "throughput" : 134.1606573872212,
    "receivedKBytesPerSec" : 116.22813338504109,
    "sentKBytesPerSec" : 45.29887430823411
  },
  "updatebooking" : {
    "transaction" : "updatebooking",
    "sampleCount" : 400,
    "errorCount" : 0,
    "errorPct" : 0.0,
    "meanResTime" : 320.46500000000003,
    "medianResTime" : 319.0,
    "minResTime" : 304.0,
    "maxResTime" : 358.0,
    "pct1ResTime" : 331.0,
    "pct2ResTime" : 338.95,
    "pct3ResTime" : 349.0,
    "throughput" : 44.49883190566248,
    "receivedKBytesPerSec" : 39.81081043497608,
    "sentKBytesPerSec" : 21.727945266436755
  },
  "login" : {
    "transaction" : "login",
    "sampleCount" : 400,
    "errorCount" : 0,
    "errorPct" : 0.0,
    "meanResTime" : 1344.29,
    "medianResTime" : 1277.0,
    "minResTime" : 1212.0,
    "maxResTime" : 2247.0,
    "pct1ResTime" : 1476.5000000000011,
    "pct2ResTime" : 1982.35,
    "pct3ResTime" : 2246.99,
    "throughput" : 36.46308113035551,
    "receivedKBytesPerSec" : 27.537460118505013,
    "sentKBytesPerSec" : 8.902119416590702
  },
  "getbooking" : {
    "transaction" : "getbooking",
    "sampleCount" : 400,
    "errorCount" : 0,
    "errorPct" : 0.0,
    "meanResTime" : 319.5150000000001,
    "medianResTime" : 318.0,
    "minResTime" : 304.0,
    "maxResTime" : 369.0,
    "pct1ResTime" : 331.0,
    "pct2ResTime" : 337.0,
    "pct3ResTime" : 346.99,
    "throughput" : 44.538470103551944,
    "receivedKBytesPerSec" : 39.79799368110456,
    "sentKBytesPerSec" : 7.3070927513639905
  }
}