{
  "createbooking" : {
    "transaction" : "createbooking",
    "sampleCount" : 400,
    "errorCount" : 0,
    "errorPct" : 0.0,
    "meanResTime" : 316.11249999999995,
    "medianResTime" : 305.0,
    "minResTime" : 287.0,
    "maxResTime" : 582.0,
    "pct1ResTime" : 359.90000000000003,
    "pct2ResTime" : 381.84999999999997,
    "pct3ResTime" : 447.94000000000005,
    "throughput" : 6.7259672781691915,
    "receivedKBytesPerSec" : 6.195180739351954,
    "sentKBytesPerSec" : 3.054272250340502
  },
  "Total" : {
    "transaction" : "Total",
    "sampleCount" : 1600,
    "errorCount" : 0,
    "errorPct" : 0.0,
    "meanResTime" : 562.1487500000004,
    "medianResTime" : 312.0,
    "minResTime" : 287.0,
    "maxResTime" : 2603.0,
    "pct1ResTime" : 1255.8000000000002,
    "pct2ResTime" : 1358.0,
    "pct3ResTime" : 1597.91,
    "throughput" : 25.889967637540455,
    "receivedKBytesPerSec" : 22.399941848705502,
    "sentKBytesPerSec" : 8.741656553398059
  },
  "updatebooking" : {
    "transaction" : "updatebooking",
    "sampleCount" : 400,
    "errorCount" : 0,
    "errorPct" : 0.0,
    "meanResTime" : 321.0724999999997,
    "medianResTime" : 307.0,
    "minResTime" : 289.0,
    "maxResTime" : 653.0,
    "pct1ResTime" : 369.0,
    "pct2ResTime" : 387.95,
    "pct3ResTime" : 455.9200000000001,
    "throughput" : 6.725741092596641,
    "receivedKBytesPerSec" : 6.005810935214299,
    "sentKBytesPerSec" : 3.2840532678694534
  },
  "login" : {
    "transaction" : "login",
    "sampleCount" : 400,
    "errorCount" : 0,
    "errorPct" : 0.0,
    "meanResTime" : 1291.5325000000003,
    "medianResTime" : 1233.0,
    "minResTime" : 1154.0,
    "maxResTime" : 2603.0,
    "pct1ResTime" : 1452.8000000000002,
    "pct2ResTime" : 1565.55,
    "pct3ResTime" : 1952.4100000000005,
    "throughput" : 6.569223189357858,
    "receivedKBytesPerSec" : 4.9531557932337,
    "sentKBytesPerSec" : 1.6038142552143209
  },
  "getbooking" : {
    "transaction" : "getbooking",
    "sampleCount" : 400,
    "errorCount" : 0,
    "errorPct" : 0.0,
    "meanResTime" : 319.8775000000002,
    "medianResTime" : 306.0,
    "minResTime" : 288.0,
    "maxResTime" : 800.0,
    "pct1ResTime" : 362.80000000000007,
    "pct2ResTime" : 386.95,
    "pct3ResTime" : 492.7500000000002,
    "throughput" : 6.7268721726115395,
    "receivedKBytesPerSec" : 6.005441408943376,
    "sentKBytesPerSec" : 1.1036274658190808
  }
}