{
  "createbooking" : {
    "transaction" : "createbooking",
    "sampleCount" : 700,
    "errorCount" : 0,
    "errorPct" : 0.0,
    "meanResTime" : 316.3228571428569,
    "medianResTime" : 312.0,
    "minResTime" : 295.0,
    "maxResTime" : 1107.0,
    "pct1ResTime" : 330.9,
    "pct2ResTime" : 346.94999999999993,
    "pct3ResTime" : 355.0,
    "throughput" : 79.00677200902935,
    "receivedKBytesPerSec" : 72.79027934537247,
    "sentKBytesPerSec" : 35.87709861738149
  },
  "Total" : {
    "transaction" : "Total",
    "sampleCount" : 2800,
    "errorCount" : 0,
    "errorPct" : 0.0,
    "meanResTime" : 567.3446428571428,
    "medianResTime" : 317.0,
    "minResTime" : 295.0,
    "maxResTime" : 2208.0,
    "pct1ResTime" : 1261.0,
    "pct2ResTime" : 1289.0,
    "pct3ResTime" : 2067.7099999999937,
    "throughput" : 237.10729104919974,
    "receivedKBytesPerSec" : 205.22317459141334,
    "sentKBytesPerSec" : 80.05844324244221
  },
  "updatebooking" : {
    "transaction" : "updatebooking",
    "sampleCount" : 700,
    "errorCount" : 0,
    "errorPct" : 0.0,
    "meanResTime" : 319.97285714285675,
    "medianResTime" : 314.0,
    "minResTime" : 297.0,
    "maxResTime" : 961.0,
    "pct1ResTime" : 339.9,
    "pct2ResTime" : 371.94999999999993,
    "pct3ResTime" : 378.99,
    "throughput" : 78.53696847301694,
    "receivedKBytesPerSec" : 70.17444673510602,
    "sentKBytesPerSec" : 38.3481291372153
  },
  "login" : {
    "transaction" : "login",
    "sampleCount" : 700,
    "errorCount" : 0,
    "errorPct" : 0.0,
    "meanResTime" : 1319.831428571429,
    "medianResTime" : 1252.0,
    "minResTime" : 1189.0,
    "maxResTime" : 2208.0,
    "pct1ResTime" : 1478.1,
    "pct2ResTime" : 1956.7499999999995,
    "pct3ResTime" : 2195.98,
    "throughput" : 64.7189349112426,
    "receivedKBytesPerSec" : 48.79273183247041,
    "sentKBytesPerSec" : 15.800521218565088
  },
  "getbooking" : {
    "transaction" : "getbooking",
    "sampleCount" : 700,
    "errorCount" : 0,
    "errorPct" : 0.0,
    "meanResTime" : 313.2514285714283,
    "medianResTime" : 312.0,
    "minResTime" : 296.0,
    "maxResTime" : 355.0,
    "pct1ResTime" : 323.9,
    "pct2ResTime" : 326.0,
    "pct3ResTime" : 339.96000000000004,
    "throughput" : 78.74901563730454,
    "receivedKBytesPerSec" : 70.35117139160761,
    "sentKBytesPerSec" : 12.919760377995276
  }
}