{
  "createbooking" : {
    "transaction" : "createbooking",
    "sampleCount" : 300,
    "errorCount" : 0,
    "errorPct" : 0.0,
    "meanResTime" : 314.8700000000003,
    "medianResTime" : 314.0,
    "minResTime" : 299.0,
    "maxResTime" : 359.0,
    "pct1ResTime" : 324.0,
    "pct2ResTime" : 327.0,
    "pct3ResTime" : 337.98,
    "throughput" : 33.74198627825891,
    "receivedKBytesPerSec" : 31.000889241930043,
    "sentKBytesPerSec" : 15.322288690810932
  },
  "Total" : {
    "transaction" : "Total",
    "sampleCount" : 1200,
    "errorCount" : 0,
    "errorPct" : 0.0,
    "meanResTime" : 571.6791666666668,
    "medianResTime" : 320.0,
    "minResTime" : 296.0,
    "maxResTime" : 2218.0,
    "pct1ResTime" : 1265.0,
    "pct2ResTime" : 1291.9,
    "pct3ResTime" : 2055.51,
    "throughput" : 101.1804384485666,
    "receivedKBytesPerSec" : 87.34618728920742,
    "sentKBytesPerSec" : 34.1632193296796
  },
  "updatebooking" : {
    "transaction" : "updatebooking",
    "sampleCount" : 300,
    "errorCount" : 0,
    "errorPct" : 0.0,
    "meanResTime" : 327.70333333333355,
    "medianResTime" : 319.0,
    "minResTime" : 303.0,
    "maxResTime" : 719.0,
    "pct1ResTime" : 357.0,
    "pct2ResTime" : 389.0,
    "pct3ResTime" : 398.99,
    "throughput" : 33.67759317467445,
    "receivedKBytesPerSec" : 30.00463066906152,
    "sentKBytesPerSec" : 16.44413729232151
  },
  "login" : {
    "transaction" : "login",
    "sampleCount" : 300,
    "errorCount" : 0,
    "errorPct" : 0.0,
    "meanResTime" : 1325.4933333333338,
    "medianResTime" : 1259.0,
    "minResTime" : 1190.0,
    "maxResTime" : 2218.0,
    "pct1ResTime" : 1502.200000000002,
    "pct2ResTime" : 1941.95,
    "pct3ResTime" : 2202.9700000000003,
    "throughput" : 27.490149363144873,
    "receivedKBytesPerSec" : 20.691706565564004,
    "sentKBytesPerSec" : 6.711462246861541
  },
  "getbooking" : {
    "transaction" : "getbooking",
    "sampleCount" : 300,
    "errorCount" : 0,
    "errorPct" : 0.0,
    "meanResTime" : 318.65000000000003,
    "medianResTime" : 316.0,
    "minResTime" : 296.0,
    "maxResTime" : 756.0,
    "pct1ResTime" : 327.0,
    "pct2ResTime" : 334.95,
    "pct3ResTime" : 351.95000000000005,
    "throughput" : 33.71165299471851,
    "receivedKBytesPerSec" : 30.02663571749635,
    "sentKBytesPerSec" : 5.530818069446005
  }
}