{
  "createbooking" : {
    "transaction" : "createbooking",
    "sampleCount" : 300,
    "errorCount" : 0,
    "errorPct" : 0.0,
    "meanResTime" : 312.1233333333334,
    "medianResTime" : 307.0,
    "minResTime" : 288.0,
    "maxResTime" : 820.0,
    "pct1ResTime" : 324.90000000000003,
    "pct2ResTime" : 357.6499999999999,
    "pct3ResTime" : 427.7900000000002,
    "throughput" : 5.070136893696129,
    "receivedKBytesPerSec" : 4.660828967382119,
    "sentKBytesPerSec" : 2.302357085516309
  },
  "Total" : {
    "transaction" : "Total",
    "sampleCount" : 1200,
    "errorCount" : 0,
    "errorPct" : 0.0,
    "meanResTime" : 550.5041666666667,
    "medianResTime" : 312.0,
    "minResTime" : 288.0,
    "maxResTime" : 2235.0,
    "pct1ResTime" : 1243.9,
    "pct2ResTime" : 1283.9,
    "pct3ResTime" : 1492.0,
    "throughput" : 19.44327424738326,
    "receivedKBytesPerSec" : 16.787292605074693,
    "sentKBytesPerSec" : 6.564953194367932
  },
  "updatebooking" : {
    "transaction" : "updatebooking",
    "sampleCount" : 300,
    "errorCount" : 0,
    "errorPct" : 0.0,
    "meanResTime" : 311.78999999999957,
    "medianResTime" : 308.0,
    "minResTime" : 291.0,
    "maxResTime" : 380.0,
    "pct1ResTime" : 325.0,
    "pct2ResTime" : 334.95,
    "pct3ResTime" : 373.99,
    "throughput" : 5.069108850664053,
    "receivedKBytesPerSec" : 4.516193162617012,
    "sentKBytesPerSec" : 2.475150805988307
  },
  "login" : {
    "transaction" : "login",
    "sampleCount" : 300,
    "errorCount" : 0,
    "errorPct" : 0.0,
    "meanResTime" : 1266.279999999999,
    "medianResTime" : 1233.0,
    "minResTime" : 1152.0,
    "maxResTime" : 2235.0,
    "pct1ResTime" : 1369.0000000000007,
    "pct2ResTime" : 1470.75,
    "pct3ResTime" : 1979.2600000000007,
    "throughput" : 4.934697503043064,
    "receivedKBytesPerSec" : 3.7129100939237425,
    "sentKBytesPerSec" : 1.204760132578873
  },
  "getbooking" : {
    "transaction" : "getbooking",
    "sampleCount" : 300,
    "errorCount" : 0,
    "errorPct" : 0.0,
    "meanResTime" : 311.82333333333327,
    "medianResTime" : 307.0,
    "minResTime" : 289.0,
    "maxResTime" : 738.0,
    "pct1ResTime" : 323.90000000000003,
    "pct2ResTime" : 358.29999999999984,
    "pct3ResTime" : 387.84000000000015,
    "throughput" : 5.069365822335626,
    "receivedKBytesPerSec" : 4.51675214180706,
    "sentKBytesPerSec" : 0.8316928302269386
  }
}