{
  "createbooking" : {
    "transaction" : "createbooking",
    "sampleCount" : 600,
    "errorCount" : 0,
    "errorPct" : 0.0,
    "meanResTime" : 310.33666666666704,
    "medianResTime" : 303.0,
    "minResTime" : 287.0,
    "maxResTime" : 1081.0,
    "pct1ResTime" : 331.9,
    "pct2ResTime" : 364.0,
    "pct3ResTime" : 425.9000000000001,
    "throughput" : 10.141130736077072,
    "receivedKBytesPerSec" : 9.3230729210682,
    "sentKBytesPerSec" : 4.605103312769374
  },
  "Total" : {
    "transaction" : "Total",
    "sampleCount" : 2400,
    "errorCount" : 0,
    "errorPct" : 0.0,
    "meanResTime" : 545.0000000000009,
    "medianResTime" : 307.0,
    "minResTime" : 287.0,
    "maxResTime" : 2220.0,
    "pct1ResTime" : 1226.0,
    "pct2ResTime" : 1267.0,
    "pct3ResTime" : 1482.9699999999993,
    "throughput" : 38.856328724541015,
    "receivedKBytesPerSec" : 33.566359576870774,
    "sentKBytesPerSec" : 13.10825585678205
  },
  "updatebooking" : {
    "transaction" : "updatebooking",
    "sampleCount" : 600,
    "errorCount" : 0,
    "errorPct" : 0.0,
    "meanResTime" : 310.0383333333333,
    "medianResTime" : 304.0,
    "minResTime" : 288.0,
    "maxResTime" : 490.0,
    "pct1ResTime" : 332.0,
    "pct2ResTime" : 365.0,
    "pct3ResTime" : 405.97,
    "throughput" : 10.138731644671251,
    "receivedKBytesPerSec" : 9.04017102772943,
    "sentKBytesPerSec" : 4.9445788941178455
  },
  "login" : {
    "transaction" : "login",
    "sampleCount" : 600,
    "errorCount" : 0,
    "errorPct" : 0.0,
    "meanResTime" : 1250.2533333333322,
    "medianResTime" : 1217.0,
    "minResTime" : 1149.0,
    "maxResTime" : 2220.0,
    "pct1ResTime" : 1367.9,
    "pct2ResTime" : 1465.6999999999996,
    "pct3ResTime" : 1753.5300000000004,
    "throughput" : 9.858368111465282,
    "receivedKBytesPerSec" : 7.422272928921165,
    "sentKBytesPerSec" : 2.406828152213204
  },
  "getbooking" : {
    "transaction" : "getbooking",
    "sampleCount" : 600,
    "errorCount" : 0,
    "errorPct" : 0.0,
    "meanResTime" : 309.3716666666666,
    "medianResTime" : 303.0,
    "minResTime" : 287.0,
    "maxResTime" : 515.0,
    "pct1ResTime" : 335.4999999999999,
    "pct2ResTime" : 364.0,
    "pct3ResTime" : 416.97,
    "throughput" : 10.140445165542767,
    "receivedKBytesPerSec" : 9.040840642904223,
    "sentKBytesPerSec" : 1.6576921086210685
  }
}