{
  "createbooking" : {
    "transaction" : "createbooking",
    "sampleCount" : 600,
    "errorCount" : 0,
    "errorPct" : 0.0,
    "meanResTime" : 322.1533333333333,
    "medianResTime" : 312.0,
    "minResTime" : 296.0,
    "maxResTime" : 3449.0,
    "pct1ResTime" : 336.9,
    "pct2ResTime" : 351.8499999999998,
    "pct3ResTime" : 374.0,
    "throughput" : 65.67425569176882,
    "receivedKBytesPerSec" : 60.61827865039405,
    "sentKBytesPerSec" : 29.822782125656744
  },
  "Total" : {
    "transaction" : "Total",
    "sampleCount" : 2400,
    "errorCount" : 0,
    "errorPct" : 0.0,
    "meanResTime" : 569.0458333333335,
    "medianResTime" : 315.0,
    "minResTime" : 296.0,
    "maxResTime" : 3449.0,
    "pct1ResTime" : 1257.9,
    "pct2ResTime" : 1281.0,
    "pct3ResTime" : 2143.8299999999963,
    "throughput" : 197.7587343441002,
    "receivedKBytesPerSec" : 171.47169320616348,
    "sentKBytesPerSec" : 66.77254140573501
  },
  "updatebooking" : {
    "transaction" : "updatebooking",
    "sampleCount" : 600,
    "errorCount" : 0,
    "errorPct" : 0.0,
    "meanResTime" : 314.76000000000005,
    "medianResTime" : 313.0,
    "minResTime" : 298.0,
    "maxResTime" : 973.0,
    "pct1ResTime" : 324.0,
    "pct2ResTime" : 331.94999999999993,
    "pct3ResTime" : 346.99,
    "throughput" : 65.62397462539647,
    "receivedKBytesPerSec" : 58.69714193918845,
    "sentKBytesPerSec" : 32.04295636005687
  },
  "login" : {
    "transaction" : "login",
    "sampleCount" : 600,
    "errorCount" : 0,
    "errorPct" : 0.0,
    "meanResTime" : 1327.026666666668,
    "medianResTime" : 1250.0,
    "minResTime" : 1187.0,
    "maxResTime" : 2344.0,
    "pct1ResTime" : 1548.2999999999997,
    "pct2ResTime" : 2051.1499999999987,
    "pct3ResTime" : 2319.9300000000003,
    "throughput" : 53.537967341839924,
    "receivedKBytesPerSec" : 40.484950811992505,
    "sentKBytesPerSec" : 13.070792808066386
  },
  "getbooking" : {
    "transaction" : "getbooking",
    "sampleCount" : 600,
    "errorCount" : 0,
    "errorPct" : 0.0,
    "meanResTime" : 312.2433333333334,
    "medianResTime" : 311.0,
    "minResTime" : 297.0,
    "maxResTime" : 768.0,
    "pct1ResTime" : 319.9,
    "pct2ResTime" : 323.0,
    "pct3ResTime" : 329.99,
    "throughput" : 65.7030223390276,
    "receivedKBytesPerSec" : 58.78110627463864,
    "sentKBytesPerSec" : 10.779402102496714
  }
}