{
  "createbooking" : {
    "transaction" : "createbooking",
    "sampleCount" : 600,
    "errorCount" : 0,
    "errorPct" : 0.0,
    "meanResTime" : 313.4799999999999,
    "medianResTime" : 309.0,
    "minResTime" : 292.0,
    "maxResTime" : 387.0,
    "pct1ResTime" : 335.0,
    "pct2ResTime" : 348.94999999999993,
    "pct3ResTime" : 369.99,
    "throughput" : 64.93506493506493,
    "receivedKBytesPerSec" : 59.656554383116884,
    "sentKBytesPerSec" : 29.487114448051948
  },
  "Total" : {
    "transaction" : "Total",
    "sampleCount" : 2400,
    "errorCount" : 0,
    "errorPct" : 0.0,
    "meanResTime" : 564.6262500000015,
    "medianResTime" : 315.0,
    "minResTime" : 292.0,
    "maxResTime" : 2206.0,
    "pct1ResTime" : 1249.0,
    "pct2ResTime" : 1274.0,
    "pct3ResTime" : 2005.949999999999,
    "throughput" : 197.22245048894732,
    "receivedKBytesPerSec" : 170.27834559125645,
    "sentKBytesPerSec" : 66.59146704741556
  },
  "updatebooking" : {
    "transaction" : "updatebooking",
    "sampleCount" : 600,
    "errorCount" : 0,
    "errorPct" : 0.0,
    "meanResTime" : 327.63666666666643,
    "medianResTime" : 314.0,
    "minResTime" : 296.0,
    "maxResTime" : 472.0,
    "pct1ResTime" : 386.79999999999995,
    "pct2ResTime" : 444.89999999999986,
    "pct3ResTime" : 460.99,
    "throughput" : 64.78082487583676,
    "receivedKBytesPerSec" : 57.748140925286116,
    "sentKBytesPerSec" : 31.631262146404662
  },
  "login" : {
    "transaction" : "login",
    "sampleCount" : 600,
    "errorCount" : 0,
    "errorPct" : 0.0,
    "meanResTime" : 1301.0583333333334,
    "medianResTime" : 1237.5,
    "minResTime" : 1173.0,
    "maxResTime" : 2206.0,
    "pct1ResTime" : 1395.4999999999995,
    "pct2ResTime" : 1908.5999999999995,
    "pct3ResTime" : 2196.0,
    "throughput" : 53.480702379891255,
    "receivedKBytesPerSec" : 40.2428358142437,
    "sentKBytesPerSec" : 13.056812104465639
  },
  "getbooking" : {
    "transaction" : "getbooking",
    "sampleCount" : 600,
    "errorCount" : 0,
    "errorPct" : 0.0,
    "meanResTime" : 316.3300000000001,
    "medianResTime" : 310.0,
    "minResTime" : 293.0,
    "maxResTime" : 399.0,
    "pct1ResTime" : 343.9,
    "pct2ResTime" : 360.0,
    "pct3ResTime" : 384.98,
    "throughput" : 64.86486486486487,
    "receivedKBytesPerSec" : 57.788429054054056,
    "sentKBytesPerSec" : 10.641891891891891
  }
}