{
  "createbooking" : {
    "transaction" : "createbooking",
    "sampleCount" : 200,
    "errorCount" : 0,
    "errorPct" : 0.0,
    "meanResTime" : 317.79000000000013,
    "medianResTime" : 313.0,
    "minResTime" : 299.0,
    "maxResTime" : 474.0,
    "pct1ResTime" : 330.0,
    "pct2ResTime" : 361.95,
    "pct3ResTime" : 433.82000000000016,
    "throughput" : 3.3850684630096644,
    "receivedKBytesPerSec" : 3.1151885906267456,
    "sentKBytesPerSec" : 1.537164878222162
  },
  "Total" : {
    "transaction" : "Total",
    "sampleCount" : 800,
    "errorCount" : 0,
    "errorPct" : 0.0,
    "meanResTime" : 562.6124999999995,
    "medianResTime" : 317.0,
    "minResTime" : 297.0,
    "maxResTime" : 2208.0,
    "pct1ResTime" : 1269.0,
    "pct2ResTime" : 1310.85,
    "pct3ResTime" : 1500.9,
    "throughput" : 12.973533990659055,
    "receivedKBytesPerSec" : 11.215645473858329,
    "sentKBytesPerSec" : 4.379074500518941
  },
  "updatebooking" : {
    "transaction" : "updatebooking",
    "sampleCount" : 200,
    "errorCount" : 0,
    "errorPct" : 0.0,
    "meanResTime" : 318.5449999999999,
    "medianResTime" : 313.0,
    "minResTime" : 299.0,
    "maxResTime" : 423.0,
    "pct1ResTime" : 333.6,
    "pct2ResTime" : 361.95,
    "pct3ResTime" : 419.98,
    "throughput" : 3.3862720530967456,
    "receivedKBytesPerSec" : 3.021189597372253,
    "sentKBytesPerSec" : 1.652725631539738
  },
  "login" : {
    "transaction" : "login",
    "sampleCount" : 200,
    "errorCount" : 0,
    "errorPct" : 0.0,
    "meanResTime" : 1292.6799999999996,
    "medianResTime" : 1259.0,
    "minResTime" : 1205.0,
    "maxResTime" : 2208.0,
    "pct1ResTime" : 1424.9,
    "pct2ResTime" : 1482.85,
    "pct3ResTime" : 1902.0400000000009,
    "throughput" : 3.2931025966113974,
    "receivedKBytesPerSec" : 2.4808253955839494,
    "sentKBytesPerSec" : 0.8039801261258295
  },
  "getbooking" : {
    "transaction" : "getbooking",
    "sampleCount" : 200,
    "errorCount" : 0,
    "errorPct" : 0.0,
    "meanResTime" : 321.43499999999995,
    "medianResTime" : 312.0,
    "minResTime" : 297.0,
    "maxResTime" : 743.0,
    "pct1ResTime" : 347.9,
    "pct2ResTime" : 368.0,
    "pct3ResTime" : 518.0400000000009,
    "throughput" : 3.3862720530967456,
    "receivedKBytesPerSec" : 3.02125573549829,
    "sentKBytesPerSec" : 0.5548327393247774
  }
}